linkedin_url,specialties,website,linkedin_name
www.linkedin.com/company/3587231,data,www.layer-9.com,Layer 9
www.linkedin.com/company/2598011,software,www.leanworksconsulting.com,LeanWorks Consulting
www.linkedin.com/company/42522,technology,www.leathwaite.com,Leathwaite
www.linkedin.com/company/2652022,investment,www.lendinvest.com,LendInvest
www.linkedin.com/company/2578264,investment,www.lepepartners.com,Lepe Partners LLP
www.linkedin.com/company/10960306,technology,www.wearelhi.com,LHi Group Ltd.
www.linkedin.com/company/2249194,technology,http://www.liaison.co.uk,Liaison
www.linkedin.com/company/10404236,software,www.liberty-automation.com,Liberty Automation LLC
www.linkedin.com/company/544345,investment,www.liberum.com,"Liberum - Investment Banking, Research, Sales and Trading"
www.linkedin.com/company/309113,software,www.ldcol.com,Lighting Design Collective
www.linkedin.com/company/2666746,software,www.limkokwing.net,Limkokwing University of Creative Technology
www.linkedin.com/company/22432,investment,www.lincolninternational.com,Lincoln International
www.linkedin.com/company/7341,technology investment,http://www.linedata.com,Linedata
www.linkedin.com/company/346171,data,www.listenfundraising.com,Listen
www.linkedin.com/company/731608,technology,http://www.lmax.com,LMAX Exchange
www.linkedin.com/company/119253,technology,http://www.lmr-inc.com,Logistics Management Resources
www.linkedin.com/company/1419170,software,http://loco2.com,Loco2
www.linkedin.com/company/3831683,software,http://logicasoft.co.uk/,Logica Soft Limited
www.linkedin.com/company/725308,software,www.logikalconsulting.com,Logikal Consulting
www.linkedin.com/company/526937,investment,www.londonandoxford.com,London & Oxford Group
www.linkedin.com/company/119107,technology,http://www.london-business-conferences.co.uk/,London Business Conferences Group
www.linkedin.com/company/337828,investment,http://www.lsbf.org.uk/,London School of Business and Finance LSBF
www.linkedin.com/company/1314683,technology,www.lseg.com,London Stock Exchange Group (LSEG)
www.linkedin.com/company/1314683,technology,www.lseg.com,London Stock Exchange Group (LSEG)
www.linkedin.com/company/20696,software,www.londoncg.com,London Consulting Group
www.linkedin.com/company/109295,technology,www.vip-computers.co.uk,VIP Computers
www.linkedin.com/company/317762,data,http://www.cerebrata.com,Cerebrata
www.linkedin.com/company/9262246,investment,http://www.lrec.co.uk,LRE Capital
www.linkedin.com/company/3147645,investment,http://www.luoliphant.com/,Lu Oliphant Solicitors LLP
www.linkedin.com/company/69940,investment,www.lubbockfine.co.uk,Lubbock Fine
www.linkedin.com/company/805827,cloud software,www.lumeon.com,Lumeon
www.linkedin.com/company/3084452,technology,https://www.luxtripper.co.uk,Luxtripper
www.linkedin.com/company/32894,technology,www.luxusworldwide.com,Luxus Worldwide
www.linkedin.com/company/1423440,data software,http://www.lyst.com/careers/,Lyst
www.linkedin.com/company/44705,technology,www.mmoser.com,M Moser Associates
www.linkedin.com/company/3090973,data investment software,http://www.m7re.eu,M7 Real Estate Ltd
www.linkedin.com/company/8577584,investment,www.macroadvisorypartners.com,Macro Advisory Partners
www.linkedin.com/company/2080742,software,https://madebymany.com,Made by Many
www.linkedin.com/company/294622,data,www.madisonlogic.com,Madison Logic
