website,linkedin_name,specialties,linkedin_url
www.btgpactual.com,BTG Pactual,investment,www.linkedin.com/company/654090
www.2cv.com,2CV,data,www.linkedin.com/company/745264
www.4chotels.co.uk,4C Hotel Group,investment,www.linkedin.com/company/10654645
www.siemon.com,The Siemon Company,data,www.linkedin.com/company/24166
http://www.8securities.com/en/,8 Securities,technology,www.linkedin.com/company/1385975
https://8thlight.com,8th Light,software,www.linkedin.com/company/140122
www.acitylawfirm.com,A City Law Firm Ltd,investment,www.linkedin.com/company/10333425
www.digigrapes.com,DigiGrapes Technologies,software,www.linkedin.com/company/671318
http://www.acceleration.biz,Acceleration,technology,www.linkedin.com/company/18868
http://accesscreativeac.uk,Access to Music,technology,www.linkedin.com/company/942523
http://accesscreativeac.uk,Access to Music,technology,www.linkedin.com/company/942523
www.accessintelligence.com,Access Intelligence Plc,software,www.linkedin.com/company/2684833
http://www.gfk.com,GfK,data,www.linkedin.com/company/4371
www.aceinfosolutions.com,"Ace Info Solutions, Inc.",cloud software,www.linkedin.com/company/111060
www.acensys.com,Acensys Limited,cloud data,www.linkedin.com/company/1591314
www.acmgrp.com,ACM Group,software,www.linkedin.com/company/72210
www.osh.com/Careers,Orchard Supply Hardware,technology,www.linkedin.com/company/19768
http://www.activesecurities.com/,Active Securities,data,www.linkedin.com/company/3336743
www.acuitilabs.co.uk,Acuiti Labs,investment technology software,www.linkedin.com/company/10420653
http://www.acutest.co.uk,Acutest,software,www.linkedin.com/company/32338
www.WeAreAdaptive.com,Adaptive Financial Consulting,software,www.linkedin.com/company/5009646
WWW.ADARA.COM,"ADARA, Inc.",data,www.linkedin.com/company/1054543
www.adroit.global,Adroit Global Ltd,data,www.linkedin.com/company/10597063
http://www.advanced-inc.com,Advanced Presentation Products,software,www.linkedin.com/company/837059
http://www.advanceddiscovery.com,Advanced Discovery,data,www.linkedin.com/company/531826
https://www.advantage.co.uk/,Advantage Business Systems Limited,cloud,www.linkedin.com/company/35630
http://www.advantageresourcing.co.uk,Advantage Resourcing UK Ltd,technology,www.linkedin.com/company/265024
www.zaicm.co.uk,ZAI Capital Markets,investment,www.linkedin.com/company/10065896
http://www.verizonwireless.com,Verizon Wireless,technology,www.linkedin.com/company/2696
http://advizzo.com/,Advizzo,cloud software,www.linkedin.com/company/10226109
www.aei.co.uk,AEI Group Ltd.,technology,www.linkedin.com/company/2568229
www.aep-holdings.com,AEP Holdings,investment,www.linkedin.com/company/9301054
http://www.agcequitypartners.com/,AGC Equity Partners,technology,www.linkedin.com/company/637187
www.agdevco.com,AgDevCo,investment,www.linkedin.com/company/638567
www.agileassets.com,AgileAssets Inc.,software,www.linkedin.com/company/138921
http://www.aipinvest.com,AIP | Investment and Advisory,investment,www.linkedin.com/company/10091404
http://www.akqa.com/,AKQA,data,www.linkedin.com/company/162356
http://www.alfanar.com,alfanar,technology,www.linkedin.com/company/226804
www.allresponsemedia.com,All Response Media,data,www.linkedin.com/company/40002
http://www.apngroup.com,Accounting Professional Network (APN Group),data software,www.linkedin.com/company/633540
https://www.alliancebernstein.com,AllianceBernstein,investment,www.linkedin.com/company/3796
https://www.alliancebernstein.com,AllianceBernstein,investment,www.linkedin.com/company/3796
www.allsop.co.uk,Allsop LLP,investment,www.linkedin.com/company/401551
http://www.nfq.uk,"Nfq Advisory, Solutions, Outsourcing",data software,www.linkedin.com/company/763202
https://www.gtakpsi.com/,Alpha Kappa Psi - Epsilon Sigma,software,www.linkedin.com/company/28149397
www.ava-tech.co.uk,Avatech London Limited,cloud,www.linkedin.com/company/29090065
www.avenir-it.com,Avenir Digital ,cloud,www.linkedin.com/company/244421
www.zoodigital.com,ZOO Digital Group plc,software,www.linkedin.com/company/125052
www.axiomsl.com,AxiomSL,data investment,www.linkedin.com/company/459956
www.axonix.com,Axonix,technology,www.linkedin.com/company/5151647
www.axonn.media,Axonn Media,technology,www.linkedin.com/company/2866752
www.axxeltrova.com,Axxeltrova,technology,www.linkedin.com/company/10355961
www.aylinwhite.com,Aylin White,investment,www.linkedin.com/company/734142
www.b2cleads.co.uk,B to C Marketing Ltd,investment,www.linkedin.com/company/11062566
http://www.support.com,Support.com,software technology,www.linkedin.com/company/404295
www.helix-ig.com,Helix International Group,software,www.linkedin.com/company/743472
http://www.handelsbankenwealth.co.uk/,Handelsbanken Wealth Management,investment,www.linkedin.com/company/15194981
www.swissadvantage.net,Swiss Advantage Systems (Pvt) Ltd,software,www.linkedin.com/company/3772076
www.symphonyhq.com,Symphony Ventures,software,www.linkedin.com/company/5297352
http://www.synechron.com,Synechron,technology,www.linkedin.com/company/15506
www.syntax.com,Syntax,software cloud,www.linkedin.com/company/57010
syzygy.net,SYZYGY,technology,www.linkedin.com/company/166236
http://www.talentia-software.com,Talentia Software,software,www.linkedin.com/company/594049
www.tamassetmanagement.com,TAM Asset Management Ltd,investment,www.linkedin.com/company/1550026
http://www.tanagerwealth.com/,Tanager Wealth Management LLP,investment,www.linkedin.com/company/2787678
tangentcollective.com,Tangent Collective,software investment,www.linkedin.com/company/18399244
europe.tata.com,Tata Group - Europe,technology,www.linkedin.com/company/1740527
www.tatainteractive.com,Tata Interactive Systems,software,www.linkedin.com/company/166261
https://www.tatateleservices.com,Tata Tele Business Services,data,www.linkedin.com/company/3879
www.taylor-dejongh.com,Taylor-DeJongh,investment,www.linkedin.com/company/56798
www.cmcltd.com,CMC LTD,software,www.linkedin.com/company/217495
www.teacherstern.com,Teacher Stern LLP,technology,www.linkedin.com/company/505190
http://teads.tv/en/careers/,Teads.tv,technology data,www.linkedin.com/company/2691523
http://www.teavaro.com,Teavaro Limited,data,www.linkedin.com/company/10061895
http://immersive.technicolor.com,Technicolor,technology,www.linkedin.com/company/1141
www.tengroup.com,Ten Lifestyle Group,technology,www.linkedin.com/company/122659
www.ternplc.com,Tern PLC,technology investment,www.linkedin.com/company/11037288
www.dekko.com,Group DEKKO,data,www.linkedin.com/company/854707
www.texuna.com,Texuna Technologies,software technology data cloud,www.linkedin.com/company/95439
www.tdccompanies.com,TDC Companies,investment,www.linkedin.com/company/1789209
www.londonandpartners.com,London & Partners,investment,www.linkedin.com/company/2079889
http://www.aspirelifestyles.com/,Aspire Lifestyles,technology,www.linkedin.com/company/5026577
www.theappbusiness.com,The App Business (TAB),technology,www.linkedin.com/company/693145
https://www.ap.org,The Associated Press,software,www.linkedin.com/company/204617
http://www.scotiabank.com,Scotiabank,technology investment,www.linkedin.com/company/3139
http://www.mufg.jp/english/ourbrand/index.html,MUFG,investment,www.linkedin.com/company/3795888
www.tcm.uk.com,TCM - The NonStop Experts,data,www.linkedin.com/company/149072
http://www.cense.iisc.ac.in,Centre for Nano Science and Engineering (CeNSE),technology,www.linkedin.com/company/6581977
www.bridgepoint.com.au,Bridge Point Communications,data,www.linkedin.com/company/256724
www.uklebhub.com,UK Lebanon Tech Hub,technology,www.linkedin.com/company/9391016
www.carbontrust.com,The Carbon Trust,technology,www.linkedin.com/company/21509
https://www.dextrousinfo.com/,Dextrous Infosolutions Pvt Ltd,software,www.linkedin.com/company/3315683
http://businessrockstars.com/,Business Rockstars,technology,www.linkedin.com/company/2857775
www.theexchangelab.com,The Exchange Lab,technology,www.linkedin.com/company/1915522
http://www.go-ahead.com/,The Go-Ahead Group plc,technology,www.linkedin.com/company/1416478
http://www.theinformationlab.co.uk,The Information Lab,data,www.linkedin.com/company/1326089
www.localdatacompany.com,The Local Data Company (LDC),data,www.linkedin.com/company/1387077
www.lcf.on.ca,London Community Foundation,investment,www.linkedin.com/company/2235001
www.oliversanderson.com,Oliver Sanderson Group PLC,technology,www.linkedin.com/company/2302729
www.npd.com,The NPD Group,software technology data,www.linkedin.com/company/166393
www.theodi.org,Open Data Institute,technology data,www.linkedin.com/company/2849191
www.pioneeracademy.org,Pioneer Academy,technology,www.linkedin.com/company/5215154
www.research-house.ca,Research House,data,www.linkedin.com/company/147893
www.rhn.org.uk,Royal Hospital for Neuro-disability,technology,www.linkedin.com/company/1513516
www.rubiconproject.com,Rubicon Project,technology,www.linkedin.com/company/87155
https://www.searchparty.com,Search Party Ltd,data,www.linkedin.com/company/2045430
www.tweed.nsw.gov.au,Tweed Shire Council,technology,www.linkedin.com/company/3153390
www.thesmartcube.com,The Smart Cube,data,www.linkedin.com/company/20615
http://www.tsiconsultancy.com/,The Social Investment Consultancy,investment,www.linkedin.com/company/2478284
www.clubtravelcorporate.co.za,Club Travel Corporate,technology,www.linkedin.com/company/80273
https://supplieshouse.co.uk/,The Supplies House,data,www.linkedin.com/company/22322262
www.brand-dynamics.com,Brand Dynamics Ltd,technology,www.linkedin.com/company/2253651
www.travelandtransport.com,"Travel and Transport, Inc.",technology,www.linkedin.com/company/24169
www.thevillageschool.com,The Village School,technology,www.linkedin.com/company/3699456
www.world-exchanges.org,World Federation of Exchanges,data,www.linkedin.com/company/1063037
www.thinkjam.com,Think Jam,data,www.linkedin.com/company/1167987
www.thirdrepublic.com,Third Republic - Recruitment solutions for advanced technologies,technology data cloud,www.linkedin.com/company/9243189
www.threepipe.co.uk,Threepipe,data,www.linkedin.com/company/313252
http://www.tibco.com,TIBCO Software Inc.,cloud,www.linkedin.com/company/3420
www.tibracareers.com,Tibra Capital,technology,www.linkedin.com/company/488712
www.tigerspike.com,Tigerspike,data,www.linkedin.com/company/108629
http://www.timeincuk.com,Time Inc. UK,technology,www.linkedin.com/company/6794
http://www.trainingdirectoryuk.com,UK Training Directory,data,www.linkedin.com/company/603090
https://www.esds.co.in,ESDS Software Solution Pvt Ltd.,cloud,www.linkedin.com/company/608895
tokencard.io,TokenCard,technology,www.linkedin.com/company/11208900
http://www.tomtom.com/careers,TomTom,software technology,www.linkedin.com/company/166474
https://www.toolsgroup.com,ToolsGroup,software,www.linkedin.com/company/32403
www.powercosts.com,"Power Costs, Inc. (PCI)",data,www.linkedin.com/company/70049
http://www.toucanventures.com,Toucan Ventures,investment,www.linkedin.com/company/5177044
www.towerstonepartners.com,Towerstone Partners Limited,technology,www.linkedin.com/company/3132349
https://www.nousinfosystems.com,Nous Infosystems,software,www.linkedin.com/company/4535
www.samsung.com,Samsung Electronics,technology,www.linkedin.com/company/1753
http://www.translateplus.com,translate plus,software,www.linkedin.com/company/205250
www.globalalpha.net,Global Alpha,investment,www.linkedin.com/company/2759035
http://www.dell.com,Dell,software cloud,www.linkedin.com/company/1093
www.bankleumi.co.uk,Bank Leumi UK plc,technology,www.linkedin.com/company/362804
http://www.hkbea.com,"The Bank of East Asia, Limited",investment,www.linkedin.com/company/38585
www.maltem.com,Maltem Consulting Group,data,www.linkedin.com/company/33832
http://www.banks-sadler.com/,Banks Sadler,technology,www.linkedin.com/company/73132
http://www.home.barclays,Barclays,investment,www.linkedin.com/company/1426
http://www.home.barclays,Barclays,investment,www.linkedin.com/company/1426
http://www.ibm.com,IBM,technology cloud,www.linkedin.com/company/1009
http://bcgdv.com,BCG Digital Ventures,data,www.linkedin.com/company/3590362
http://www.bearingpoint.com,BearingPoint,technology,www.linkedin.com/company/1349
benevolent.ai,BenevolentAI,data,www.linkedin.com/company/10929741
www.bginfotech.co.uk,BG Infotech Ltd,data,www.linkedin.com/company/3013353
www.bhdgsystematic.com,BH-DG Systematic Trading LLP,investment,www.linkedin.com/company/10412344
http://bickerdikeallen.com,Bickerdike Allen Partners LLP,technology,www.linkedin.com/company/15178144
http://www.texata.com/,Big Data Analytics World Championships (TEXATA),data,www.linkedin.com/company/3175539
www.bigsocietycapital.com,Big Society Capital,investment,www.linkedin.com/company/2789615
http://www.biotronics3d.com/,Biotronics3D,cloud,www.linkedin.com/company/208595
www.twobirds.com,Bird & Bird,technology data,www.linkedin.com/company/318488
www.blackswan.com,Black Swan Data,data,www.linkedin.com/company/2824836
www.block.co.uk,Block Solutions,data,www.linkedin.com/company/151857
bloomberg.com/company,Bloomberg LP,software data,www.linkedin.com/company/2494
www.bluesky.co.uk,Blue Sky Hosting Ltd,cloud,www.linkedin.com/company/151416
www.bluefieldllp.com,Bluefield Partners LLP,investment,www.linkedin.com/company/1213976
http://bluesource.net/au,bluesource Australia,technology data,www.linkedin.com/company/10573728
www.bmlltech.com,BMLL Technologies Ltd,data,www.linkedin.com/company/5274132
http://www.boldworldwide.com,BOLD Worldwide,data,www.linkedin.com/company/2331944
www.bondstreetgroup.com,"Bond Street Group, LLC",technology,www.linkedin.com/company/276966
http://www.bondradar.com,Bond Radar Ltd,data,www.linkedin.com/company/9457320
http://www.bookingbug.com/,BookingBug,software,www.linkedin.com/company/965250
http://www.borngroup.com,Born Group,technology software cloud,www.linkedin.com/company/25962
www.borwood.com,Borwood Group,cloud,www.linkedin.com/company/513506
www.boxbergcapital.com,BOXBERG CAPITAL LIMITED,investment,www.linkedin.com/company/21737407
www.boxfusionconsulting.com,Boxfusion Consulting Limited,cloud,www.linkedin.com/company/1505088
https://careers.dwp.gov.uk/bpdts/,BPDTS LIMITED,software,www.linkedin.com/company/21139650
http://www.bpptechnologiesllc.com,BPP Technologies LLC,data,www.linkedin.com/company/2371612
www.brainloop.com,Brainloop,data,www.linkedin.com/company/51023
https://www.braze.com/,Braze (formerly Appboy),software,www.linkedin.com/company/792882
www.bridgebank.com,Bridge Bank,technology,www.linkedin.com/company/162785
https://www.tripleplay.tv,Tripleplay,technology,www.linkedin.com/company/108576
www.trowers.com,Trowers & Hamlins,technology,www.linkedin.com/company/21122
https://www.trustpilot.com/,Trustpilot,software,www.linkedin.com/company/862573
www.t-systems.com,T-Systems International GmbH,data cloud,www.linkedin.com/company/1592
www.tylercapital.co.uk,Tyler Capital,technology,www.linkedin.com/company/124341
http://www.typsa.com,TYPSA,technology,www.linkedin.com/company/31750
http://www.ueni.com,UENI Ltd,technology,www.linkedin.com/company/10143742
www.ultralets.co.uk,Ultra lets,investment,www.linkedin.com/company/5374154
www.mdcvacuum.com,"MDC Vacuum Products, LLC",technology,www.linkedin.com/company/145585
www.act-currency.ch,Union Bancaire Privée,investment,www.linkedin.com/company/351829
www.unit9.com,UNIT9,technology,www.linkedin.com/company/38347
www.upfrontbd.com,Upfront Business Development,data,www.linkedin.com/company/235750
www.ustrust.com,U.S. Trust,investment,www.linkedin.com/company/166723
www.vable.com,Vable,software cloud,www.linkedin.com/company/15174277
http://www.vce.com,VCE,cloud,www.linkedin.com/company/1581903
http://www.global-m.co.uk,Global {M},software,www.linkedin.com/company/2606373
http://veladorassociates.com,Velador Associates,data,www.linkedin.com/company/16886207
http://www.velocity.black,Velocity Mobile Ltd,technology,www.linkedin.com/company/3735584
https://veracode.com,Veracode,software,www.linkedin.com/company/27845
www.argusinformation.com,Argus Information and Advisory Services,data,www.linkedin.com/company/54453
www.veritasinvestments.me,Veritas Investments,investment,www.linkedin.com/company/514603
https://www.factset.com/,"Vermilion Software, a FactSet Company",software,www.linkedin.com/company/123709
www.vervepros.com,"VERVE Professional Services, Inc.",technology,www.linkedin.com/company/1002791
www.clarityinternational.com,Clarity International,technology,www.linkedin.com/company/273097
www.virtualtechgurus.com,"Virtual Tech Gurus, Inc.",data cloud,www.linkedin.com/company/256091
visagio.com,Visagio,technology,www.linkedin.com/company/123824
www.vitechltd.co.uk,Vitech Limited,software data,www.linkedin.com/company/2393618
vivaldigroup.com,VIVALDI_,data,www.linkedin.com/company/166825
www.vivoinspire.com,Vivo Inspire,technology,www.linkedin.com/company/2208406
http://vmfarms.com,VM Farms,cloud,www.linkedin.com/company/1455162
http://www.volterrafietta.com,Volterra Fietta,investment,www.linkedin.com/company/3809396
http://voxygen.com,Voxygen Limited,cloud,www.linkedin.com/company/299312
http://voxygen.com,Voxygen Limited,cloud,www.linkedin.com/company/299312
https://www.vutu.re/,Vuture,technology,www.linkedin.com/company/127386
www.walpolepartnership.com,Walpole Partnership Ltd,cloud,www.linkedin.com/company/5144712
www.wandera.com,Wandera,data,www.linkedin.com/company/2958348
http://www.wdmp.co.uk,WDMP,data,www.linkedin.com/company/53573
http://www.wealth-dynamix.com,Wealth Dynamix,investment,www.linkedin.com/company/2708216
www.integrationpartners.com,Integration Partners,cloud,www.linkedin.com/company/117753
www.wellcomworldwide.com,Wellcom London,technology,www.linkedin.com/company/1709748
www.wellington.com,Wellington Management,investment,www.linkedin.com/company/166910
https://www.wellsfargo.com/the-private-bank/,Wells Fargo Private Bank ,investment,www.linkedin.com/company/11412006
http://www.whereismytransport.com,WhereIsMyTransport,software data,www.linkedin.com/company/651568
www.richardsoncom.com,"Richardson Communications and Consulting, Inc.",data cloud,www.linkedin.com/company/622847
http://www.whitespace.co.uk,Whitespace Software Limited,software data,www.linkedin.com/company/443535
www.thepeoplenetwork.co.uk,The People Network,technology,www.linkedin.com/company/963360
www.wildstone.co.uk,Wildstone,investment,www.linkedin.com/company/2714289
http://www.winglondon.com/,WING London,technology,www.linkedin.com/company/2747398
http://www.wolterskluwerfs.com/,Wolters Kluwer - Financial Services Solutions,investment,www.linkedin.com/company/2481
www.womblebonddickinson.com,Womble Bond Dickinson (UK) LLP,technology,www.linkedin.com/company/27094400
http://wondersauce.com,Wondersauce,technology,www.linkedin.com/company/518809
http://www.cfg.com.au/,CFG,investment,www.linkedin.com/company/3509979
www.wooribank.com,Woori Bank,investment,www.linkedin.com/company/364558
www.worldenergy.org,World Energy Council,data,www.linkedin.com/company/787698
www.firstrg.com,First Recruitment Group,technology,www.linkedin.com/company/329231
http://www.paccar.com,PACCAR,technology,www.linkedin.com/company/165374
http://www.worldbank.org,The World Bank,data,www.linkedin.com/company/166426
www.worrell.com,Worrell,technology,www.linkedin.com/company/110026
http://www.yobota.uk/,Yobota,cloud,www.linkedin.com/company/10631709
www.yoti.com,Yoti Ltd,data,www.linkedin.com/company/9428931
http://youteam.io,YouTeam,software,www.linkedin.com/company/3742074
www.zaizi.com,Zaizi - Empowering Data Driven Government,data cloud,www.linkedin.com/company/211173
http://www.wits-ltd.com/,Wits Limited,investment,www.linkedin.com/company/5181236
zedsen.com,Zedsen Limited,software data,www.linkedin.com/company/21760842
http://www.testtriangle.com,Test Triangle Ltd,software,www.linkedin.com/company/3063545
https://www.zuehlke.com,Zühlke Group,software data,www.linkedin.com/company/23900
http://training.britanniarow.com,Britannia Row Productions Training,technology,www.linkedin.com/company/2833057
www.broadreachit.com,Broad Reach IT,data,www.linkedin.com/company/3328978
www.broadridge.com,Broadridge,technology data,www.linkedin.com/company/11834
www.brookland.com,Brookland Partners LLP,investment,www.linkedin.com/company/297197
http://brownsmithwallace.com,Brown Smith Wallace,investment,www.linkedin.com/company/43727
www.bbh.com,Brown Brothers Harriman,investment,www.linkedin.com/company/4701
http://www.brownrudnick.com,Brown Rudnick LLP,data,www.linkedin.com/company/14727
www.brydenwood.co.uk,Bryden Wood,data,www.linkedin.com/company/1502464
http://bsa.solutions/,BSA Solutions,software,www.linkedin.com/company/29120625
http://www.techmahindra.com/theme/DAVID.html,Tech Mahindra,technology,www.linkedin.com/company/3067
www.datadimensions.com,Data Dimensions,technology cloud data,www.linkedin.com/company/163352
https://www.ict.eu,ICT Group,software cloud,www.linkedin.com/company/4940
http://www.eng.it,Engineering Ingegneria Informatica Spa,software,www.linkedin.com/company/27862
www.buzzradar.com,Buzz Radar,data,www.linkedin.com/company/2848281
http://www.thetab.com,The Tab,technology,www.linkedin.com/company/2845456
www.cabotsolutions.com,Cabot Technology Solutions Inc,cloud technology,www.linkedin.com/company/232458
www.calastone.com,Calastone,data,www.linkedin.com/company/864885
http://www.nelsonjobs.com/nelson-technology/,Nelson Technology,data,www.linkedin.com/company/759395
www.campbell-north.com,Campbell North,technology data,www.linkedin.com/company/2323202
http://www.canaccordgenuity.com/capital-markets/,Canaccord Genuity Limited,investment,www.linkedin.com/company/8400055
www.cppib.com,CPP Investment Board,investment technology,www.linkedin.com/company/23230
www.capita-software.co.uk,Capita | Software services,software,www.linkedin.com/company/9463685
www.chaseinternationalsearch.com,Chase International Executive Search,investment software,www.linkedin.com/company/10309335
www.internationalbancard.com,International Bancard Corporation,technology,www.linkedin.com/company/863830
http://www.knovos.com/,Capital Novus,data,www.linkedin.com/company/2296634
http://capitalmarkets.ie,Capital Markets Executive Search,investment,www.linkedin.com/company/2909775
http://www.captify.co.uk,Captify,data,www.linkedin.com/company/2704966
www.capula.co.uk,Capula,data,www.linkedin.com/company/48470
www.caradigm.co.uk,Caradigm Europe,data,www.linkedin.com/company/3508288
www.carallon.com,Carallon Ltd,software,www.linkedin.com/company/1489808
http://www.carboncredentials.com/,Carbon Credentials,data,www.linkedin.com/company/1591564
www.carbonsmart.co.uk,Carbon Smart,data,www.linkedin.com/company/263326
hiring.careerbuilder.co.uk,CareerBuilder.co.uk (For Employers),software,www.linkedin.com/company/2936906
www.careyolsen.com,Carey Olsen,investment,www.linkedin.com/company/54522
http://www.6dg.co.uk,Carrenza Ltd,cloud,www.linkedin.com/company/141562
www.castandcrew.com,Cast & Crew Entertainment Services,technology,www.linkedin.com/company/113134
https://www.castsoftware.com,CAST,software cloud,www.linkedin.com/company/162909
https://www.cdfairfieldcapital.com,CD Fairfield Capital Ltd,investment,www.linkedin.com/company/3740511
www.cdcgroup.com,CDC Group plc,investment,www.linkedin.com/company/356162
http://www.cdw.com,CDW,technology,www.linkedin.com/company/3334
http://www.celestialglobe.co.uk/,Celestial Globe Consultancy Ltd,investment,www.linkedin.com/company/2936757
www.CentrePointSoftware.co.uk,CentrePoint Software Ltd,software,www.linkedin.com/company/5241526
www.stratfordtele.com,Stratford upon Avon Telecom Limited,data,www.linkedin.com/company/28186098
http://www.cfainstitute.org/,CFA Institute,investment,www.linkedin.com/company/162977
https://retinel.com,CGI Retinel Group Pte Ltd,cloud,www.linkedin.com/company/3764448
http://www.staffituk.com/index.html,Staff IT UK,data,www.linkedin.com/company/11243654
http://www.chapmanblack.com,ChapmanBlack (powered by Endorsed),software,www.linkedin.com/company/54770
http://www.cfg.org.uk,Charity Finance Group,investment,www.linkedin.com/company/352092
https://www.crd.com,Charles River Development,investment software data,www.linkedin.com/company/6816
www.chartis.com,The Chartis Group,technology,www.linkedin.com/company/38109
www.cherieblairfoundation.org,Cherie Blair Foundation for Women,technology,www.linkedin.com/company/5260195
http://www.chiarotech.com,Chiaro Technologies-Acquired by Cognex,data,www.linkedin.com/company/3073729
http://www.choiceindia.com,Choice International Limited,investment,www.linkedin.com/company/847297
http://www.choiceholding.com,Choice Technologies Holding Sàrl,data,www.linkedin.com/company/538124
chrystalcapital.com,Chrystal Capital Partners LLP,technology investment,www.linkedin.com/company/1315756
https://www.cigniti.com,Cigniti Technologies,software,www.linkedin.com/company/136654
www.cirdancapital.com,Cirdan Capital Management ,investment,www.linkedin.com/company/5077354
cirrico.com,Cirrico,cloud technology,www.linkedin.com/company/5082212
http://www.citicourtandco.com/,Citicourt & Co,investment,www.linkedin.com/company/20016740
cityfinancial.co.uk,City Financial Investment Company Limited,investment,www.linkedin.com/company/1380033
cityfinancial.co.uk,City Financial Investment Company Limited,investment,www.linkedin.com/company/1380033
http://www.claranet.co.uk,Claranet,cloud,www.linkedin.com/company/163097
www.clarendonhousecapital.com,Clarendon House Capital,investment,www.linkedin.com/company/9325774
www.clausematch.com,ClauseMatch,data,www.linkedin.com/company/2958737
www.climatebonds.net,Climate Bonds Initiative,investment,www.linkedin.com/company/1032198
http://www.creative-itc.com,Creative ITC,data,www.linkedin.com/company/2456741
www.closebrothersam.com,Close Brothers Asset Management,investment,www.linkedin.com/company/151954
www.cloudsense.com,CloudSense,cloud,www.linkedin.com/company/883054
www.clxcommunications.com,CLX Communications AB,cloud software data,www.linkedin.com/company/634222
http://holbornlaw.sg/,CMS Holborn Asia,technology,www.linkedin.com/company/13215775
www.cmsdistribution.com,CMS Distribution,cloud software data,www.linkedin.com/company/2854593
http://www.cncautomation.com,CNC Automation,software,www.linkedin.com/company/1869144
www.codegen.co.uk,CodeGen International,data technology software,www.linkedin.com/company/136773
http://www.interstatehotels.com,Interstate Hotels & Resorts,investment,www.linkedin.com/company/10828
www.collercapital.com,Coller Capital,investment,www.linkedin.com/company/21304
http://www.colliers.com/en-gb/myanmar/,Colliers International Myanmar,investment,www.linkedin.com/company/7940266
www.commusoft.co.uk,Commusoft,software,www.linkedin.com/company/5308823
http://www.como.com,Como®,data,www.linkedin.com/company/3281559
www.phdmedia.com,PHD,data,www.linkedin.com/company/211857
www.companywatch.net,Company Watch,investment,www.linkedin.com/company/1702687
www.concentra.co.uk,Concentra Analytics,data software,www.linkedin.com/company/415574
www.conceptreg.com,"Concept Real Estate Group, LLC",investment,www.linkedin.com/company/2375717
http://www.connexity.eu,Connexity Europe GmbH,data technology,www.linkedin.com/company/1410306
http://www.constantinecannon.com/index.php,Constantine Cannon LLP,technology,www.linkedin.com/company/58321
http://www.conversionenergysystems.com/,Conversion Energy Systems,technology,www.linkedin.com/company/11304580
http://www.coppingjoyce.co.uk/,Copping Joyce Surveyors Limited,investment,www.linkedin.com/company/3244010
www.core-ed.org,CORE Education,technology,www.linkedin.com/company/136742
https://www.cornerstoneondemand.com,Cornerstone OnDemand,software,www.linkedin.com/company/19664
http://www.CoverGenius.biz,Cover Genius,technology,www.linkedin.com/company/10554060
www.cowenprimeservices.com,Cowen Prime Services LLC,investment,www.linkedin.com/company/720017
https://www.healthiq.com/careers,Health IQ,data,www.linkedin.com/company/68350
www.simag.com,Systematic Investment Management AG (SIMAG®),investment,www.linkedin.com/company/27139501
www.crescora.com,Cresco Research,investment,www.linkedin.com/company/9268347
www.crfhealth.com,CRF Health,data,www.linkedin.com/company/421424
www.actionprgroup.com,Action Global Communications,technology,www.linkedin.com/company/43640
www.ceyloncan.com,Ceylon Beverage Can (Pvt) Ltd,technology,www.linkedin.com/company/13238169
www.wineinvestment.com,Cult Wines Ltd,investment,www.linkedin.com/company/2177587
http://www.cumberlandplace.co.uk,Cumberland Place Financial Management,investment,www.linkedin.com/company/9821593
http://www.meetings-incentives.com,"Meetings & Incentives Worldwide, Inc.",technology,www.linkedin.com/company/145679
http://cynarplc.com/,Cynar Plc,technology,www.linkedin.com/company/3201044
http://www.dmginfo.com/,dmg :: information,technology,www.linkedin.com/company/114433
www.damcogroup.co.uk,Damco Solutions Limited,software,www.linkedin.com/company/244149
www.datacentredesign.ca,Data Centre Design Inc.,data,www.linkedin.com/company/1170506
https://www.datapipe.com/,Datapipe,cloud,www.linkedin.com/company/21475
www.datatonic.com,Datatonic,cloud data,www.linkedin.com/company/1120810
www.datrix.co.uk,Datrix,cloud,www.linkedin.com/company/135146
www.dbsystel.co.uk,DB SYSTEL UK Ltd,cloud data,www.linkedin.com/company/9129582
http://www.dbh.de/en/,dbh Logistics IT AG,cloud software,www.linkedin.com/company/1686269
www.dealcloud.com,DealCloud,investment software,www.linkedin.com/company/2036864
www.dealogic.com,Dealogic,technology software,www.linkedin.com/company/12752
www.demarq.uk,Demarq,data,www.linkedin.com/company/9233348
http://gov.uk/dit,Department for International Trade (DIT),investment,www.linkedin.com/company/10889820
http://clarityconsultants.com,Clarity Consultants,technology,www.linkedin.com/company/34216
http://digirobotics.com/,DigiRoboticsTechnologies,technology,www.linkedin.com/company/13644379
https://www.digital-mr.com,DigitalMR,data,www.linkedin.com/company/1056609
http://www.dimensiondata.com/Global,Dimension Data,cloud,www.linkedin.com/company/2632
https://global.rakuten.com/corp/about/,Rakuten,investment,www.linkedin.com/company/47584
disruptventure.co,DisruptVenture,investment,www.linkedin.com/company/9244580
https://www.dnvgl.com,DNV GL,technology software,www.linkedin.com/company/4411
http://intlsoftwaresystems.com/,International Software Systems,data software,www.linkedin.com/company/18196305
www.Doorda.com,Doorda,data,www.linkedin.com/company/3196241
careers.doxa.partners,Doxa Partners LLP,investment,www.linkedin.com/company/1867420
www.dqnglobalcapital.com,DQN Global Capital Partners LLP,investment,www.linkedin.com/company/2974330
www.dsrc.com,DSRC,technology software,www.linkedin.com/company/32186
http://www.dudobi.com,"Dudobi, IT Consulting & Managed Services",cloud software,www.linkedin.com/company/1391600
dynamify.de,Dynamify GmbH,technology,www.linkedin.com/company/5384287
www.medma.net,Medma Infomatix Pvt Ltd.,data,www.linkedin.com/company/402855
www.e2exchange.com,E2Exchange,investment,www.linkedin.com/company/2624156
www.eamesconsulting.com,Eames Consulting Group,technology investment,www.linkedin.com/company/30429
www.echlinlondon.com,Echlin,investment,www.linkedin.com/company/2597270
www.eclerx.com,eClerx,data,www.linkedin.com/company/17312
www.isic.org,ISIC - International Student Identity Card,technology,www.linkedin.com/company/359455
www.vigeo-eiris.com,EIRIS,investment,www.linkedin.com/company/55039
www.ekisticsproperty.com,Ekistics Property Advisors LLP,investment,www.linkedin.com/company/951914
http://www.rand.org,RAND Corporation,technology,www.linkedin.com/company/165654
http://elevateintl.co.uk/,Elevate International,data technology,www.linkedin.com/company/28672643
https://www.netherlandsandyou.nl/your-country-and-the-netherlands/turkey,Embassy of the Kingdom of the Netherlands in Turkey,investment,www.linkedin.com/company/27131617
http://www.ember.com,"Ember Technologies, Inc.",technology,www.linkedin.com/company/6597137
www.emergingpayments.org,Emerging Payments Association,investment,www.linkedin.com/company/5162584
www.emergn.com,Emergn Limited,software,www.linkedin.com/company/401545
www.emiratesnbd.com,Emirates NBD,investment,www.linkedin.com/company/707016
DieboldNixdorf.com,Diebold Nixdorf,software,www.linkedin.com/company/4458
www.empowermm.com,Empower,technology,www.linkedin.com/company/23128
www.endava.com,PSTech,cloud,www.linkedin.com/company/651729
www.endeavoursolutions.ca,"Endeavour Solutions Inc. - Microsoft Dynamics ERP, 365, CRM",cloud,www.linkedin.com/company/2220316
www.enkilabs.com,Enki Labs,data software,www.linkedin.com/company/242830
www.ensighten.com,Ensighten,data,www.linkedin.com/company/1042599
http://www.entia.co,Entia Ltd,technology,www.linkedin.com/company/17970002
https://entuity.com,Entuity,software,www.linkedin.com/company/25621
www.WeAreEnvoy.com,Envoy,data technology,www.linkedin.com/company/1327124
www.enyolaw.com,Enyo Law LLP,investment,www.linkedin.com/company/1432410
www.stellaeoc.com,EOC Partners,technology investment software,www.linkedin.com/company/1245658
www.eptglobal.com,EP&T Global,data technology,www.linkedin.com/company/2383860
http://www.epam.com,EPAM Systems,cloud software data,www.linkedin.com/company/4972
https://epoch.capital/,Epoch Capital,technology software,www.linkedin.com/company/1513693
www.eproductive.com,Eproductive Ltd,technology software,www.linkedin.com/company/3098793
www.epsilontel.com,Epsilon Telecommunications,cloud data,www.linkedin.com/company/115215
www.equalexperts.com,Equal Experts,cloud data,www.linkedin.com/company/252335
www.equigroup.com,equigroup Pty Ltd,data technology,www.linkedin.com/company/1271214
http://www.equinix.com,Equinix,cloud data,www.linkedin.com/company/8221
www.equitix.co.uk,Equitix Ltd,investment,www.linkedin.com/company/569891
www.erlang-solutions.com,Erlang Solutions,software,www.linkedin.com/company/207788
www.essensys.tech,essensys,cloud software,www.linkedin.com/company/260325
www.essentia-analytics.com,Essentia Analytics,investment,www.linkedin.com/company/3088014
http://www.e-tabs.com,E-Tabs,data software,www.linkedin.com/company/100982
https://www.eternacapital.com,Eterna Capital,technology,www.linkedin.com/company/28627211
www.ethosdata.com,EthosData Virtual Dataroom,data,www.linkedin.com/company/645979
http://ehda.co,Euler Hermes Digital Agency,data,www.linkedin.com/company/11009046
https://www.eipa.eu/,European Institute of Public Administration (EIPA),data,www.linkedin.com/company/37358
www.cahootsy.com,Cahootsy,technology,www.linkedin.com/company/3221343
http://everycity.co.uk,EveryCity,cloud data,www.linkedin.com/company/519296
www.exchange-data.com,Exchange Data International,data,www.linkedin.com/company/565406
http://www.expandresearch.com,Expand Research - A Company of The Boston Consulting Group,technology,www.linkedin.com/company/781149
www.lifeatexpedia.com,Expedia Group,data technology,www.linkedin.com/company/2751
http://www.exponential-e.com,Exponential-e,cloud data,www.linkedin.com/company/29666
www.exus.co.uk,EXUS,technology software,www.linkedin.com/company/6403
www.eye-dcreative.co.uk,Eye-D Creative,technology,www.linkedin.com/company/572175
www.eci.com,Eze Castle Integration,cloud technology,www.linkedin.com/company/12508
http://www.fosi.org/,Family Online Safety Institute,data,www.linkedin.com/company/2199024
www.farebrother.com,Farebrother,investment,www.linkedin.com/company/572317
http://www.timeincuk.com,Time Inc. UK,technology,www.linkedin.com/company/6794
www.rjwealthmanager.co.uk,Raymond James Investment Services (Hitchin),investment,www.linkedin.com/company/5100703
http://www.fiettalaw.com/,Fietta LLP,investment,www.linkedin.com/company/10611465
http://www.53.com,Fifth Third Bank,investment,www.linkedin.com/company/3012
www.fdmplc.com,Financial Data Management Plc,data,www.linkedin.com/company/2479728
www.fincore.com,Fincore Group,data software,www.linkedin.com/company/2321322
https://www.investni.com,Invest Northern Ireland,investment,www.linkedin.com/company/21762
www.finncap.com,finnCap Ltd,investment,www.linkedin.com/company/912377
http://www.vodafone.com/,Vodafone,technology,www.linkedin.com/company/1217
https://www.1sthcc.com,First Healthcare Compliance,software,www.linkedin.com/company/2592500
http://www.kotak.com,Kotak Mahindra Bank,investment,www.linkedin.com/company/5632
www.fcmb.com,First City Monument Bank Limited,investment,www.linkedin.com/company/55002
www.firstsource.com,Firstsource,data,www.linkedin.com/company/243914
https://www.fisherinvestments.com/en-gb,Fisher Investments Europe,investment,www.linkedin.com/company/3746867
www.fluent2.co.uk,Fluent2 Limited,cloud technology data,www.linkedin.com/company/1347603
http://fluxx.uk.com,Fluxx,technology,www.linkedin.com/company/2223882
www.foodalert.com,Food Alert,software,www.linkedin.com/company/840622
www.forensicrisk.com,Forensic Risk Alliance,data,www.linkedin.com/company/116187
www.forest-group.co.uk,Forest Group,investment,www.linkedin.com/company/2419839
www.cma.or.ke,Capital Markets Authority- Kenya,investment,www.linkedin.com/company/530178
www.forward3d.com,Forward3D,data,www.linkedin.com/company/933596
www.fragomen.com,Fragomen,technology investment,www.linkedin.com/company/10668
www.framestore.com,Framestore,data software,www.linkedin.com/company/4743
www.frameworksoftware.com,Framework Private Equity Investment Data Management Ltd,data investment software,www.linkedin.com/company/10879644
http://tradeandinvestment.vic.gov.au,Trade and Investment Victoria,investment,www.linkedin.com/company/727096
https://www.freedmaninternational.com,Freedman International,technology,www.linkedin.com/company/31121
http://www.bprgroup.co.uk/,BPR Group Europe Ltd,data,www.linkedin.com/company/374459
http://www.fticonsulting.com,FTI Consulting,technology,www.linkedin.com/company/5509
http://fueled.com,Fueled,technology,www.linkedin.com/company/1935818
http://www.fusepump.com,FusePump,data,www.linkedin.com/company/527693
https://futurecities.catapult.org.uk/,Future Cities Catapult,data,www.linkedin.com/company/3279423
www.futurefacilities.com,Future Facilities Ltd,data,www.linkedin.com/company/263689
www.CoNet.nl,CoNet,software,www.linkedin.com/company/958037
http://wearefuturegov.com,FutureGov,technology,www.linkedin.com/company/2791617
www.testo.com,Testo SE & Co. KGaA,data,www.linkedin.com/company/95446
www.gatehousebank.com,Gatehouse Bank plc,investment,www.linkedin.com/company/1118520
www.gatemore.com,Gatemore Capital Management,investment,www.linkedin.com/company/2086357
www.marimba.us,Gazelle Consulting Partners,cloud data,www.linkedin.com/company/3125253
www.gbiconsulting.com,GBI Consulting Limited,investment,www.linkedin.com/company/10447368
http://ga.co,General Assembly Sydney,data,www.linkedin.com/company/18164495
www.GenesisCapital.com,Genesis Capital LLC,investment,www.linkedin.com/company/2385490
www.gentrack.com,Gentrack Ltd (Global),data,www.linkedin.com/company/166247
http://www.geoplace.co.uk,GeoPlace LLP,data,www.linkedin.com/company/2233805
www.geraldeve.com,Gerald Eve,investment,www.linkedin.com/company/63702
GLG.it,GLG (Gerson Lehrman Group),investment,www.linkedin.com/company/163983
http://www.gfk.com,GfK,data,www.linkedin.com/company/4371
www.ghocapital.com,GHO Capital Partners LLP,investment,www.linkedin.com/company/5248457
www.lseemf.com,LSE Emerging Markets Forum,investment,www.linkedin.com/company/763750
www.lseemf.com,LSE Emerging Markets Forum,investment,www.linkedin.com/company/763750
www.giotech.co.uk,Giotech Outsourced IT,cloud,www.linkedin.com/company/1523087
www.glazers.com,Glazer's Distributors,technology,www.linkedin.com/company/12064
www.globalbanking.ac.uk,Global Banking School,investment,www.linkedin.com/company/2471440
http://www.lsbf.org.uk/,London School of Business and Finance LSBF,investment,www.linkedin.com/company/337828
http://www.globebmg.com,Globe Business Media Group,software,www.linkedin.com/company/628716
www.globalpharmatek.com,Global Pharma Tek,data,www.linkedin.com/company/2501837
www.market-xcel.com,Market Xcel Data Matrix Pvt. Ltd.,cloud,www.linkedin.com/company/145741
http://www.archon.com,Archon Group,investment,www.linkedin.com/company/8927
www.goodboydigital.com,Goodboy Digital,technology,www.linkedin.com/company/2085972
www.goodlord.co,Goodlord,software,www.linkedin.com/company/5374347
www.gordondadds.com,Gordon Dadds,technology,www.linkedin.com/company/116312
http://www.vocus.com,Vocus,software,www.linkedin.com/company/12052
https://www.granttree.co.uk,GrantTree,software,www.linkedin.com/company/1872564
http://www.greenmangaming.com,Green Man Gaming,data,www.linkedin.com/company/649685
,Longland Resources Ltd,investment,www.linkedin.com/company/21839051
http://www.greycoat.co.uk,Greycoat Real Estate LLP,investment,www.linkedin.com/company/933395
http://greyspark.com/,GreySpark Partners,data technology investment,www.linkedin.com/company/829364
http://www.grosvenor.com,Grosvenor Group,investment,www.linkedin.com/company/11113
www.grouptree.com,Grouptree,data,www.linkedin.com/company/5263951
http://www.ideafinancial.com,Idea Financial,technology,www.linkedin.com/company/24972620
www.gs1uk.org,GS1 UK,data,www.linkedin.com/company/521571
www.gsc-3d.com,GSC,data software,www.linkedin.com/company/371369
http://www.gib.com,Gulf International Bank,investment,www.linkedin.com/company/19634
http://www.m7re.eu,M7 Real Estate Ltd,data investment software,www.linkedin.com/company/3090973
www.halkininvestments.com,Halkin Investments LLP,investment,www.linkedin.com/company/11064560
www.hambroperks.com,Hambro Perks,investment,www.linkedin.com/company/5000004
www.hansonam.com,Hanson Asset Management Ltd.,investment,www.linkedin.com/company/987935
https://www.harvestdigital.com/,Harvest Digital,data,www.linkedin.com/company/29592
http://www.havaskx.com,havas helia,data,www.linkedin.com/company/1195336
www.havasmedia.com,Havas Media Group,data,www.linkedin.com/company/164133
https://www.headspace.com/,Headspace Inc.,technology,www.linkedin.com/company/1835869
http://www.heed.io,Heed Software,software,www.linkedin.com/company/2517465
https://www.heliosinvestment.com,Helios Investment Partners,investment,www.linkedin.com/company/20010829
www.hendersonrowe.com,Henderson Rowe,investment,www.linkedin.com/company/1569178
www.radiuslaw.co.uk,Radius Law,data,www.linkedin.com/company/4981905
www.hindujatech.com,Hinduja Tech Limited,technology,www.linkedin.com/company/507280
http://bit.ly/getjoboffers,"Hired, Inc.",technology,www.linkedin.com/company/2786985
www.DigitalFineprint.com,Digital Fineprint,data technology software,www.linkedin.com/company/10353443
www.networkeruk.co.uk,Networker UK Ltd,data,www.linkedin.com/company/3737945
http://www.hitachi-solutions.co.uk/,"Hitachi Solutions Europe, Ltd",data,www.linkedin.com/company/3351095
http://www.holleyholland.com/,The Holley Holland Group,technology,www.linkedin.com/company/2758830
www.hotcoursesgroup.com,Hotcourses Group,software,www.linkedin.com/company/1109699
www.hssmi.org,HSSMI,data,www.linkedin.com/company/5198188
https://www.huddle.com,Huddle,software,www.linkedin.com/company/134570
www.huguenots.co.uk,Huguenot Services Limited,data investment,www.linkedin.com/company/1304448
www.humancs.com,"Human Capital Solutions, Inc.",technology,www.linkedin.com/company/21747
www.hummingbirdtech.com,Hummingbird Technologies Ltd,data software,www.linkedin.com/company/10378883
www.hunterboots.com,Hunter Boot Ltd,technology,www.linkedin.com/company/952707
http://www.iamplus.com/,i.am+,software,www.linkedin.com/company/2825378
http://www.itassociatesinc.com,IT Associates,technology,www.linkedin.com/company/44661
www.ibiscapital.co.uk,IBIS Capital,investment,www.linkedin.com/company/143587
http://www.icreon.co.uk,Icreon UK Ltd,software,www.linkedin.com/company/2071851
http://www.icx4.com,ICX4 Ltd,data,www.linkedin.com/company/6152572
https://madebymany.com,Made by Many,software,www.linkedin.com/company/2080742
http://www.idt.net,IDT Corporation,technology,www.linkedin.com/company/2964
www.alquity.com,Alquity Investment Management,investment,www.linkedin.com/company/1345514
https://www.alten.fr/,ALTEN,technology,www.linkedin.com/company/5322
www.alternativesoft.com,AlternativeSoft,data,www.linkedin.com/company/575729
http://www.theinformationlab.co.uk,The Information Lab,data,www.linkedin.com/company/1326089
http://www.altitudeuk.com,Altitude Real Estate Limited,investment,www.linkedin.com/company/10450320
www.colt.net,Colt Technology Services,data,www.linkedin.com/company/2712
http://www.ukcloudconsulting.eu/,UK Cloud Consulting,cloud,www.linkedin.com/company/10089612
http://www.daf.com,DAF Trucks NV,technology,www.linkedin.com/company/6868
www.digitalanimal.com,Digital Animal,technology data,www.linkedin.com/company/1251164
http://www.amosca.co.uk,AMOSCA,cloud,www.linkedin.com/company/206567
www.amsphere.com,Amsphere Limited,software,www.linkedin.com/company/310474
www.amtexsystems.com,Amtex Systems,technology software,www.linkedin.com/company/14695
http://www.amundipioneer.com,Amundi Pioneer,investment,www.linkedin.com/company/4601
http://www.analogfolk.com,AnalogFolk,data,www.linkedin.com/company/1026948
http://www.analysysmason.com,Analysys Mason,software,www.linkedin.com/company/11737
http://andurandcapital.com,ANDURAND CAPITAL MANAGEMENT LLP,investment,www.linkedin.com/company/6238577
http://www.annapurnarecruitment.com,Annapurna Recruitment,software,www.linkedin.com/company/735906
anorak.life,Anorak Technologies Ltd,technology software data,www.linkedin.com/company/18285915
http://www.antal.com,Antal International,technology,www.linkedin.com/company/6279
http://apexhousingsolutions.co.uk,Apex Housing Group,investment,www.linkedin.com/company/5501097
www.appirio.com,Appirio,cloud,www.linkedin.com/company/67160
www.appnova.com,Appnova Limited,technology,www.linkedin.com/company/202604
http://www.ellix-tbm.com,ELLIX - Technology Business Management (TBM),technology,www.linkedin.com/company/9211252
www.aquametrologysystems.com,Aqua Metrology Systems Limited,software data,www.linkedin.com/company/1236380
www.arbor-education.com,Arbor Education Partners,cloud software data,www.linkedin.com/company/2649296
www.arkworkplacerisk.co.uk,Ark Workplace Risk,software,www.linkedin.com/company/2950418
www.arria.com,Arria NLG plc,data,www.linkedin.com/company/3038498
www.artsalliancemedia.com,Arts Alliance Media,technology software,www.linkedin.com/company/29084
https://asianabsolute.co.uk,Asian Absolute,software,www.linkedin.com/company/1618973
www.asokoinsight.com,Asoko Insight,investment data,www.linkedin.com/company/5070209
www.asos.com,ASOS.com,technology,www.linkedin.com/company/61834
www.aspectcapital.com,Aspect Capital,investment technology software,www.linkedin.com/company/22464
www.aspectenterprise.com,Aspect Enterprise Solutions,data,www.linkedin.com/company/372253
www.aspectenterprise.com,Aspect Enterprise Solutions,data,www.linkedin.com/company/372253
www.aspirant.com,Aspirant,technology,www.linkedin.com/company/76835
www.alquity.com,Alquity Investment Management,investment,www.linkedin.com/company/1345514
https://www.alten.fr/,ALTEN,technology,www.linkedin.com/company/5322
www.alternativesoft.com,AlternativeSoft,data,www.linkedin.com/company/575729
http://www.theinformationlab.co.uk,The Information Lab,data,www.linkedin.com/company/1326089
http://www.altitudeuk.com,Altitude Real Estate Limited,investment,www.linkedin.com/company/10450320
www.colt.net,Colt Technology Services,data,www.linkedin.com/company/2712
http://www.ukcloudconsulting.eu/,UK Cloud Consulting,cloud,www.linkedin.com/company/10089612
http://www.daf.com,DAF Trucks NV,technology,www.linkedin.com/company/6868
www.digitalanimal.com,Digital Animal,data technology,www.linkedin.com/company/1251164
http://www.amosca.co.uk,AMOSCA,cloud,www.linkedin.com/company/206567
www.amsphere.com,Amsphere Limited,software,www.linkedin.com/company/310474
www.amtexsystems.com,Amtex Systems,technology software,www.linkedin.com/company/14695
http://www.amundipioneer.com,Amundi Pioneer,investment,www.linkedin.com/company/4601
http://www.analogfolk.com,AnalogFolk,data,www.linkedin.com/company/1026948
http://www.analysysmason.com,Analysys Mason,software,www.linkedin.com/company/11737
http://andurandcapital.com,ANDURAND CAPITAL MANAGEMENT LLP,investment,www.linkedin.com/company/6238577
http://www.annapurnarecruitment.com,Annapurna Recruitment,software,www.linkedin.com/company/735906
anorak.life,Anorak Technologies Ltd,data technology software,www.linkedin.com/company/18285915
http://www.antal.com,Antal International,technology,www.linkedin.com/company/6279
http://apexhousingsolutions.co.uk,Apex Housing Group,investment,www.linkedin.com/company/5501097
www.appirio.com,Appirio,cloud,www.linkedin.com/company/67160
www.appnova.com,Appnova Limited,technology,www.linkedin.com/company/202604
http://www.ellix-tbm.com,ELLIX - Technology Business Management (TBM),technology,www.linkedin.com/company/9211252
www.aquametrologysystems.com,Aqua Metrology Systems Limited,data software,www.linkedin.com/company/1236380
www.arbor-education.com,Arbor Education Partners,data cloud software,www.linkedin.com/company/2649296
www.arkworkplacerisk.co.uk,Ark Workplace Risk,software,www.linkedin.com/company/2950418
www.arria.com,Arria NLG plc,data,www.linkedin.com/company/3038498
www.artsalliancemedia.com,Arts Alliance Media,technology software,www.linkedin.com/company/29084
https://asianabsolute.co.uk,Asian Absolute,software,www.linkedin.com/company/1618973
www.asokoinsight.com,Asoko Insight,data investment,www.linkedin.com/company/5070209
www.asos.com,ASOS.com,technology,www.linkedin.com/company/61834
www.aspectcapital.com,Aspect Capital,technology investment software,www.linkedin.com/company/22464
www.aspectenterprise.com,Aspect Enterprise Solutions,data,www.linkedin.com/company/372253
www.aspectenterprise.com,Aspect Enterprise Solutions,data,www.linkedin.com/company/372253
www.aspirant.com,Aspirant,technology,www.linkedin.com/company/76835
www.astoundcommerce.co.uk,Astound Commerce UK,technology,www.linkedin.com/company/10837267
www.atelier.tm,Atelier,software,www.linkedin.com/company/208457
http://www.atlantiscapital.co.uk,Atlantis Capital Management,investment,www.linkedin.com/company/6694101
www.atmosstudio.com,Atmos (studio),data,www.linkedin.com/company/1255582
www.engagementfactory.com,Engagement Factory,cloud,www.linkedin.com/company/3197578
http://www.atpi.com/,ATPI,technology,www.linkedin.com/company/296771
https://www.austinconsultants.co.uk/,Austin Consultants,technology,www.linkedin.com/company/2264485
www.aap.com.au,Australian Associated Press (AAP),data,www.linkedin.com/company/22934
www.verticurl.com,Verticurl (a WPP Company),technology,www.linkedin.com/company/244549
http://www.automationlogic.com/,Automation Logic,cloud,www.linkedin.com/company/897243
http://www.asirobots.com,"Autonomous Solutions, Inc. (ASI)",software,www.linkedin.com/company/62263
http://www.ignitionone.com,IgnitionOne,data,www.linkedin.com/company/8826
http://www.igrglobal.com/,IGR Global,investment,www.linkedin.com/company/13310059
www.imaging.market,Imaging.market,software,www.linkedin.com/company/10452835
http://www.immersivedesignstudios.com/en,IMMERSIVE Design Studios,technology software,www.linkedin.com/company/5296194
www.impactinvestmentpartners.com,Impact Investment Partners LLP,investment,www.linkedin.com/company/1351561
www.imsgroup.com,IMS Group,technology,www.linkedin.com/company/17373
www.indusind.com,IndusInd Bank,investment,www.linkedin.com/company/30265
www.infogr8.com,infogr8,data,www.linkedin.com/company/2669553
www.infopro-digital.com,Infopro Digital,data,www.linkedin.com/company/884370
www.barbour-abi.com,Barbour ABI,data,www.linkedin.com/company/621454
http://www.infuse.it,Infuse Consulting Limited,software,www.linkedin.com/company/52254
www.gagenetworks.com,Gage Networks,cloud,www.linkedin.com/company/281246
www.innogentech.com,Innogen Technologies Limited,cloud,www.linkedin.com/company/3001287
http://innvotec.co.uk,Innvotec Limited,investment,www.linkedin.com/company/11641765
www.inspiratia.com,inspiratia,data,www.linkedin.com/company/1242926
http://www.marketprizm.com,MarketPrizm Ltd,data,www.linkedin.com/company/1791855
www.integralads.com,Integral Ad Science,data,www.linkedin.com/company/582024
www.imsfastpak.com,"Integrated Merchandising Systems, LLC",technology,www.linkedin.com/company/1003933
www.msrlimited.com,MSR IT Ltd.,technology software,www.linkedin.com/company/1504566
http://www.spcsft.com/,Space Shift Inc.,technology,www.linkedin.com/company/1839744
www.inter-consulting.eu.com,Inter-Consulting Europe (UK) Ltd,cloud,www.linkedin.com/company/9436412
http://www.intergreat.com/,InterGreat Education Group Ltd.,technology,www.linkedin.com/company/25011710
http://www.worldbank.org,The World Bank,data,www.linkedin.com/company/166426
www.goimr.com,International Market Recruiters,investment,www.linkedin.com/company/82512
www.ifssecurities.com,IFS Securities,investment,www.linkedin.com/company/2685202
https://www.intralinks.com/,Intralinks,data software,www.linkedin.com/company/7994
http://www.intuit.com/,Intuit,cloud,www.linkedin.com/company/1666
www.invescoperpetual.co.uk,Invesco Perpetual,investment,www.linkedin.com/company/3691037
www.investecassetmanagement.com,Investec Asset Management,investment,www.linkedin.com/company/4482
https://www.investec.com/en_hk/welcome-to-investec.html,Investec Capital Asia Limited,investment,www.linkedin.com/company/5538859
www.investigo.co.uk,Investigo,data,www.linkedin.com/company/31172
http://ioet.com/,ioet Inc.,software,www.linkedin.com/company/5225790
www.ionacapital.co.uk,Iona Capital Ltd,investment,www.linkedin.com/company/2573068
www.crescensinc.com,Crescens Inc.,technology,www.linkedin.com/company/2601226
www.iris.net,iRiS Software Systems Ltd,technology software,www.linkedin.com/company/405720
issufy.com,Issufy,technology,www.linkedin.com/company/10953558
www.istorage-uk.com,iStorage Limited,data,www.linkedin.com/company/1080673
https://www.itlab.com,IT Lab,cloud,www.linkedin.com/company/39088
http://www.itcsecure.com/,ITC Secure,cloud,www.linkedin.com/company/330023
http://www.itelligencegroup.com/uk,itelligence Business Solutions UK LTD,cloud data,www.linkedin.com/company/1459421
www.itmlimited.com,ITM Limited,data software,www.linkedin.com/company/1093138
www.itrsgroup.com,ITRS Group,data,www.linkedin.com/company/52335
www.jsafrasarasin.com,Bank J. Safra Sarasin Ltd,investment,www.linkedin.com/company/889129
www.jaeger-partners.com,Jaeger Partners ,technology,www.linkedin.com/company/13699091
http://www.sslinvest.com/,Stocks & Securities Ltd (SSL Jamaica),investment,www.linkedin.com/company/2785997
http://www.jampp.com,Jampp,data,www.linkedin.com/company/2483441
www.jandersdean.com,Janders Dean,technology,www.linkedin.com/company/5248720
www.india.jlt.com,Jardine Lloyd Thompson India (JLT India),technology,www.linkedin.com/company/10385491
www.jdxconsulting.com,JDX Consulting,data,www.linkedin.com/company/2477892
http://www.jeffreyshenry.com/about-us,Jeffreys Henry LLP,technology investment,www.linkedin.com/company/144191
http://www.jpmorganchase.com,JPMorgan Chase & Co.,investment,www.linkedin.com/company/1068
www.jukedeck.com,Jukedeck,technology,www.linkedin.com/company/5041727
www.junglecreations.com,Jungle Creations,technology,www.linkedin.com/company/10559538
www.k2.pl,K2 Internet SA,technology,www.linkedin.com/company/201953
http://k2partnering.com,K2 Partnering Solutions,cloud data,www.linkedin.com/company/14416
www.k3k.co.uk,K3K Networks Ltd,cloud,www.linkedin.com/company/10478571
www.bloomenergy.com,Bloom Energy,technology,www.linkedin.com/company/22243
www.karmarama.com,Karmarama,data,www.linkedin.com/company/64160
http://www.kaspersky.co.uk/,Kaspersky Lab UK,software,www.linkedin.com/company/3175684
http://www.kayako.com/,Kayako,software,www.linkedin.com/company/215542
www.kdmpop.com,KDM POP Solutions Group,technology,www.linkedin.com/company/264721
https://www.kebhana.com,KEB Hana Bank,investment,www.linkedin.com/company/13230630
http://www.mustardmarketing.com,Keen as Mustard Marketing Ltd,data,www.linkedin.com/company/516385
www.kemplittle.com,Kemp Little LLP,data technology,www.linkedin.com/company/742405
http://www.keplercheuvreux.com/,Kepler Cheuvreux,investment,www.linkedin.com/company/3203469
www.keytree.co.uk,Keytree,cloud,www.linkedin.com/company/2930002
www.sunriftcp.com,SunRift Capital Partners,investment,www.linkedin.com/company/25023948
www.iroko.ng,IROKO Partners Limited,technology,www.linkedin.com/company/2542926
www.hypervsn.com,HYPERVSN,technology software,www.linkedin.com/company/2656626
www.mcllp.com,Massumi + Consoli LLP,investment,www.linkedin.com/company/6439560
www.kobaltmusic.com,Kobalt Music,technology,www.linkedin.com/company/1352647
koffeecup.net,Koffeecup,software,www.linkedin.com/company/2445741
https://ms.konicaminolta.com,Konica Minolta Marketing Services,data technology,www.linkedin.com/company/11102290
www.konvergent.co.uk,Konvergent Ltd,cloud,www.linkedin.com/company/10254988
www.kotra.org.uk,KOTRA London,investment,www.linkedin.com/company/2929368
www.krescendo.com,Krescendo Ltd.,software,www.linkedin.com/company/2418015
http://www.telematicainformatica.it/,T.I. Telematica Informatica s.r.l,technology,www.linkedin.com/company/307306
www.lafosse.com,La Fosse Associates,cloud technology data,www.linkedin.com/company/103069
www.thelabrador.co.uk,Labrador Ltd,data,www.linkedin.com/company/3243985
http://www.lacepartners.co.uk/,LACE Partners,technology software,www.linkedin.com/company/5379232
www.lagoni.co.uk,Lagoni Engineering,technology software,www.linkedin.com/company/3478139
www.lambda-cro.com,Lambda Therapeutic Research,data,www.linkedin.com/company/91884
www.ariescapital.com,"Aries Capital, LLC",investment,www.linkedin.com/company/1247664
https://www.lntinfotech.com,Larsen & Toubro Infotech Ltd,data,www.linkedin.com/company/4500
http://www.lasalle.com/,LaSalle Investment Management,investment,www.linkedin.com/company/12251
http://www.fivetengroup.com,FiveTen Group,technology,www.linkedin.com/company/489115
www.lbresearch.com,Law Business Research,data,www.linkedin.com/company/52158
www.layer-9.com,Layer 9,data,www.linkedin.com/company/3587231
www.leanworksconsulting.com,LeanWorks Consulting,software,www.linkedin.com/company/2598011
www.leathwaite.com,Leathwaite,technology,www.linkedin.com/company/42522
www.lendinvest.com,LendInvest,investment,www.linkedin.com/company/2652022
www.lepepartners.com,Lepe Partners LLP,investment,www.linkedin.com/company/2578264
www.wearelhi.com,LHi Group Ltd.,technology,www.linkedin.com/company/10960306
http://www.liaison.co.uk,Liaison,technology,www.linkedin.com/company/2249194
www.liberty-automation.com,Liberty Automation LLC,software,www.linkedin.com/company/10404236
www.liberum.com,"Liberum - Investment Banking, Research, Sales and Trading",investment,www.linkedin.com/company/544345
www.ldcol.com,Lighting Design Collective,software,www.linkedin.com/company/309113
www.limkokwing.net,Limkokwing University of Creative Technology,software,www.linkedin.com/company/2666746
www.lincolninternational.com,Lincoln International,investment,www.linkedin.com/company/22432
http://www.linedata.com,Linedata,technology investment,www.linkedin.com/company/7341
www.listenfundraising.com,Listen,data,www.linkedin.com/company/346171
http://www.lmax.com,LMAX Exchange,technology,www.linkedin.com/company/731608
http://www.lmr-inc.com,Logistics Management Resources,technology,www.linkedin.com/company/119253
http://loco2.com,Loco2,software,www.linkedin.com/company/1419170
http://logicasoft.co.uk/,Logica Soft Limited,software,www.linkedin.com/company/3831683
www.logikalconsulting.com,Logikal Consulting,software,www.linkedin.com/company/725308
www.londonandoxford.com,London & Oxford Group,investment,www.linkedin.com/company/526937
http://www.london-business-conferences.co.uk/,London Business Conferences Group,technology,www.linkedin.com/company/119107
http://www.lsbf.org.uk/,London School of Business and Finance LSBF,investment,www.linkedin.com/company/337828
www.lseg.com,London Stock Exchange Group (LSEG),technology,www.linkedin.com/company/1314683
www.lseg.com,London Stock Exchange Group (LSEG),technology,www.linkedin.com/company/1314683
www.londoncg.com,London Consulting Group,software,www.linkedin.com/company/20696
www.vip-computers.co.uk,VIP Computers,technology,www.linkedin.com/company/109295
http://www.cerebrata.com,Cerebrata,data,www.linkedin.com/company/317762
http://www.lrec.co.uk,LRE Capital,investment,www.linkedin.com/company/9262246
http://www.luoliphant.com/,Lu Oliphant Solicitors LLP,investment,www.linkedin.com/company/3147645
www.lubbockfine.co.uk,Lubbock Fine,investment,www.linkedin.com/company/69940
www.lumeon.com,Lumeon,cloud software,www.linkedin.com/company/805827
https://www.luxtripper.co.uk,Luxtripper,technology,www.linkedin.com/company/3084452
www.luxusworldwide.com,Luxus Worldwide,technology,www.linkedin.com/company/32894
http://www.lyst.com/careers/,Lyst,data software,www.linkedin.com/company/1423440
www.mmoser.com,M Moser Associates,technology,www.linkedin.com/company/44705
http://www.m7re.eu,M7 Real Estate Ltd,data investment software,www.linkedin.com/company/3090973
www.macroadvisorypartners.com,Macro Advisory Partners,investment,www.linkedin.com/company/8577584
https://madebymany.com,Made by Many,software,www.linkedin.com/company/2080742
www.madisonlogic.com,Madison Logic,data,www.linkedin.com/company/294622
https://www.marchcomms.com,March Communications,software,www.linkedin.com/company/76006
marinsoftware.com,Marin Software,software,www.linkedin.com/company/49553
http://www.boingo.com,Boingo Wireless,technology,www.linkedin.com/company/15313
www.traxmarkets.com,Trax,data,www.linkedin.com/company/238932
www.marketingimpact.co.nz,Marketing Impact,cloud data,www.linkedin.com/company/118737
www.marketkey.com,Marketkey Ltd,data,www.linkedin.com/company/1781504
www.massive.co,Massive Interactive,software,www.linkedin.com/company/227781
http://www.matrix-ifs.com,Matrix IFS,cloud,www.linkedin.com/company/204589
http://www.maxisinvestments.co.uk,Maxis Investments Ltd,investment,www.linkedin.com/company/10404100
www.mayerbrownjsm.com,Mayer Brown JSM,technology data investment,www.linkedin.com/company/1321823
http://www.mazepoint.com,Mazepoint Ltd,data software,www.linkedin.com/company/1846088
www.medallia.com,Medallia,technology,www.linkedin.com/company/49697
www.mediagamma.com,MediaGamma Limited,data,www.linkedin.com/company/5068337
www.mediaocean.com/,Mediaocean (formerly Donovan Data Systems),technology software,www.linkedin.com/company/7566
www.meritgroup.co.uk,MeritGroup,data,www.linkedin.com/company/248954
www.metafour.com,Metafour Ltd,software,www.linkedin.com/company/433475
www.metail.com,Metail,technology data,www.linkedin.com/company/1107947
www.thenewstribe.com,The News Tribe,technology,www.linkedin.com/company/1608258
http://www.mdx.ac.uk/,Middlesex University,technology,www.linkedin.com/company/11125
http://milestonegroup.co.uk/,Milestone Group PLC,technology,www.linkedin.com/company/1289694
www.msearchllc.com,Millennium Search LLC,technology data software,www.linkedin.com/company/777449
http://www.mindbodyonline.com,"MINDBODY, Inc.",software,www.linkedin.com/company/42640
http://www.minterellison.com,MinterEllison,technology,www.linkedin.com/company/7928
http://hr.mst.edu,Missouri S&T Human Resources,technology,www.linkedin.com/company/12815
http://www.mufg.jp/english/ourbrand/index.html,MUFG,investment,www.linkedin.com/company/3795888
http://www.mufg.jp/english/ourbrand/index.html,MUFG,investment,www.linkedin.com/company/3795888
https://www.mizuhoamericas.com,Mizuho,investment,www.linkedin.com/company/7318
http://www.mj-et-cie.com/,MJ&Cie (independant family wealth advisors),investment,www.linkedin.com/company/5065375
www.mkodo.com,UK-based mobile channel tech. company,technology,www.linkedin.com/company/331779
http://www.omgukcareers.com/,Omnicom Media Group UK,data investment,www.linkedin.com/company/3884
http://www.momentum.co.uk,Momentum Global Investment Management,investment,www.linkedin.com/company/10018345
http://monetate.com,"Monetate, Inc.",data,www.linkedin.com/company/392772
www.gumgum.com,GumGum,technology,www.linkedin.com/company/167379
www.morningstar.com/company/,Morningstar,investment,www.linkedin.com/company/5161
www.mountainhare.com,Mountain Hare Consulting,technology,www.linkedin.com/company/2910943
http://mpac-group.com/mpac-langen/,Mpac Langen,technology,www.linkedin.com/company/1519617
mudano.com,Mudano,technology data,www.linkedin.com/company/5337589
https://www.mybuilder.com,MyBuilder.com,technology,www.linkedin.com/company/226925
www.mydrivesolutions.com,MyDrive Solutions Limited,data,www.linkedin.com/company/2073206
www.namossolutions.com,Namos Solutions Ltd,cloud,www.linkedin.com/company/2665306
www.nastracgroup.com,Nastrac Group,technology,www.linkedin.com/company/470044
http://www.natexo.com/en_GB/,FSI Media / Natexo GB,data,www.linkedin.com/company/2042403
https://www.nbc.ca/en/personal.html,National Bank of Canada,investment,www.linkedin.com/company/165099
https://www.addstones.com,Addstones,data,www.linkedin.com/company/221757
www.sourceglobalresearch.com,Source Global Research,data,www.linkedin.com/company/10435964
www.neoninfotech.com,Neon Infotech,data,www.linkedin.com/company/2294961
https://nepa.com/,Nepa,data,www.linkedin.com/company/682469
www.nesta.org.uk,Nesta,data investment,www.linkedin.com/company/165148
http://www.netconsult.com.au,NetConsult,data,www.linkedin.com/company/1702660
https://www.worldremit.com,WorldRemit,technology,www.linkedin.com/company/1919522
neudata.co,Neudata Limited,data,www.linkedin.com/company/10453754
http://www.thoughtbot.com,New Bamboo,software,www.linkedin.com/company/703574
www.nsn.co,New Star Networks (NSN),cloud,www.linkedin.com/company/5083744
www.nexant.com,Nexant,software,www.linkedin.com/company/165183
http://www.nexudus.com,Nexudus Limited,software,www.linkedin.com/company/2276493
www.ngoar.com,Ngoar,software,www.linkedin.com/company/1973573
http://www.nihilent.com,Nihilent Ltd,software,www.linkedin.com/company/12502
www.nimblejackaccounting.co.uk,Nimble Jack Accounting Ltd,software,www.linkedin.com/company/2357640
www.nimbusninety.com,Nimbus Ninety,technology cloud data,www.linkedin.com/company/2912578
http://www.northerntrust.com/goals-driven-wealth-management,Northern Trust Wealth Management,investment,www.linkedin.com/company/3186076
www.novainvestmentclub.com,Nova Investment Club,investment,www.linkedin.com/company/400066
www.solovis.com,"Solovis, Inc.",technology investment data software,www.linkedin.com/company/3537233
everis.co.uk,everis UK,data,www.linkedin.com/company/10322183
www.eu.ntt.com,NTT Europe Ltd.,cloud,www.linkedin.com/company/219829
www.nutanix.com,Nutanix,data cloud,www.linkedin.com/company/735085
https://newsouthaustralia.com/,London Office of the Agent General of South Australia,investment,www.linkedin.com/company/2350650
https://www.blueprofile.co.uk,"Blue Profile - IT Security, Consulting & Solutions",cloud,www.linkedin.com/company/8777310
ondeviceresearch.com,On Device Research,technology,www.linkedin.com/company/1131057
http://www.thepointgroup.com/,The Point Group,technology,www.linkedin.com/company/166397
http://www.oneclickventures.com,One Click Ventures,technology,www.linkedin.com/company/201740
www.shuttleon.com,Shuttle - Introducer Onboarding Simplified,software,www.linkedin.com/company/10867810
http://www.maniindiatech.com,Mani India Technologies,software,www.linkedin.com/company/440951
http://opensource.org,Open Source Initiative (OSI),software,www.linkedin.com/company/885950
www.opendestinations.com,Open Destinations,software,www.linkedin.com/company/94009
www.lseg.com,London Stock Exchange Group (LSEG),technology,www.linkedin.com/company/1314683
www.iiaweb.com,Information International Associates,data,www.linkedin.com/company/82782
www.pHassociates.com,pH Associates Ltd (an OPEN Health company),data,www.linkedin.com/company/654794
alex-brown.com,"Alex. Brown, a Division of Raymond James",investment,www.linkedin.com/company/15156315
www.orbium.com,Orbium,technology,www.linkedin.com/company/41134
http://www.overview.co.uk,Overview Ltd.,software,www.linkedin.com/company/2575208
www.ovh.com,OVH,cloud,www.linkedin.com/company/1883877
www.oxcept.com,OxCEPT Ltd.,technology software data,www.linkedin.com/company/3687531
www.oxcryo.com,Oxford Cryosystems,software,www.linkedin.com/company/1580787
oxfordknight.com,Oxford Knight Limited,data,www.linkedin.com/company/1048495
www.p3ppartners.com,P3P Partners LLP,investment,www.linkedin.com/company/3360676
www.dubaipacific.com,Pacific Investments LLC,investment,www.linkedin.com/company/3816616
https://www.paddypowerbetfair.jobs/,Paddy Power Betfair,software,www.linkedin.com/company/23324
www.parabellummarkets.com,Parabellum Markets LLP,technology,www.linkedin.com/company/2746884
www.theparagongroup.co.uk,Paragon Group (UK),investment,www.linkedin.com/company/2253590
http://capitalmarkets.ie,Capital Markets Executive Search,investment,www.linkedin.com/company/2909775
http://www.pavilioncorp.com/advisory-services/,Pavilion Advisory Group,investment,www.linkedin.com/company/65843
www.payden.com,Payden & Rygel,investment,www.linkedin.com/company/23301
http://www.1825.com,Pearson Jones PLC,investment,www.linkedin.com/company/1638957
http://www.pembrokevct.com,Pembroke VCT,investment,www.linkedin.com/company/3239178
uk.people.com.cn,People's Daily Online UK LTD,data,www.linkedin.com/company/3222196
www.mnalearning.com,Michaels & Associates,software,www.linkedin.com/company/56075
www.perTECHtual.com,perTECHtual Ltd,cloud,www.linkedin.com/company/340556
https://thephagroup.com/,The PHA Group,technology,www.linkedin.com/company/11505474
http://www.phoenixbs.com,Phoenix Business Solutions,cloud,www.linkedin.com/company/52791
www.photobox.com,PhotoBox,technology,www.linkedin.com/company/832810
www.piccadillygroup.com,Piccadilly Group,software,www.linkedin.com/company/1344805
http://www.smarttecco.com,SMARTTECCO,data,www.linkedin.com/company/2187670
pillsburylaw.com,Pillsbury Winthrop Shaw Pittman LLP,technology,www.linkedin.com/company/165471
www.yoti.com,Yoti Ltd,data,www.linkedin.com/company/9428931
https://www.data2crm.com/migration/,CRMOne.io,data,www.linkedin.com/company/18002254
www.pirean.com,Pirean,software,www.linkedin.com/company/93660
www.pitchbook.com,PitchBook Data,data,www.linkedin.com/company/642128
www.pivotsport.com,PIVOT SPORT LTD,data,www.linkedin.com/company/9199332
http://www.planetsolutions.co.uk,Planet Solutions Ltd,data,www.linkedin.com/company/1068045
www.playmob.com,PlayMob,data,www.linkedin.com/company/1900859
www.playstack.com,PlayStack,technology,www.linkedin.com/company/10658497
www.plentific.com,Plentific,software,www.linkedin.com/company/2792265
www.plumconsulting.co.uk,Plum Consulting London LLP,technology,www.linkedin.com/company/2728328
www.polarismanagement.com,Polaris,technology,www.linkedin.com/company/28698
www.polestarglobal.com,Pole Star Space Applications,software data,www.linkedin.com/company/2553229
policyinpractice.co.uk,Policy in Practice,software data,www.linkedin.com/company/9292521
www.welovesalt.com,Salt,software data,www.linkedin.com/company/970538
http://www.ppluk.com,PPL,data,www.linkedin.com/company/206677
http://equityhubgroup.com/,Equityhub Group Pte Ltd,investment,www.linkedin.com/company/2246236
www.pgcgroup.com,Precision Global Consulting,technology,www.linkedin.com/company/675499
https://www.premierchoicegroup.com/premier-patient-line/,Premier Patient Line,data,www.linkedin.com/company/2919766
https://countrywidedevplc.com/,Countrywide Developments UK PLC,investment,www.linkedin.com/company/10181841
https://www.primeur.com,Primeur,data,www.linkedin.com/company/22831
https://priorityoneit.co.uk,Priority One IT,cloud,www.linkedin.com/company/264996
http://www.whitepages.com,Whitepages,data,www.linkedin.com/company/10784
www.procolombia.co,PROCOLOMBIA,investment,www.linkedin.com/company/41271
http://www.projectcentre.co.uk,Project Centre Ltd,technology,www.linkedin.com/company/121838
www.prontorush.com,Pronto Rush,technology,www.linkedin.com/company/24787481
www.prosap.biz,ProSAP,software,www.linkedin.com/company/905820
https://www.protiviti.com,Protiviti,data,www.linkedin.com/company/3920
www.welendus.com,PTP Funding,technology,www.linkedin.com/company/10208288
http://www.pubmatic.com,PubMatic,software,www.linkedin.com/company/167624
www.pulsepoint.com,PulsePoint,data technology,www.linkedin.com/company/2349382
http://purple.agency/,The Purple Agency,data,www.linkedin.com/company/229780
https://www.qad.re,Qadre,software technology,www.linkedin.com/company/11207856
www.quantcast.com,Quantcast,software,www.linkedin.com/company/60540
www.quantonemusic.com,Quantone Limited,data,www.linkedin.com/company/10234967
www.qubit.com,Qubit.,data,www.linkedin.com/company/768977
http://www.qubole.com,Qubole,data,www.linkedin.com/company/2531735
http://www.quinnox.com,"Quinnox, Inc.",cloud data,www.linkedin.com/company/10893
http://www.quipper.com/,Quipper,technology,www.linkedin.com/company/2576396
www.see-design.com,SEE Design (part of R Holdings),software,www.linkedin.com/company/3163423
https://www.rga.com,R/GA,technology,www.linkedin.com/company/207439
http://www.rapidminer.com,RapidMiner,data,www.linkedin.com/company/492926
https://www.rathbones.com,Rathbone Brothers Plc,investment,www.linkedin.com/company/35406
http://raymondjameskent.co.uk,"Raymond James, Weald of Kent",investment,www.linkedin.com/company/28659117
http://www.rcm2.co.uk,rcm2 limited,software,www.linkedin.com/company/229570
www.reactive-technologies.com,Reactive Technologies Limited,cloud data,www.linkedin.com/company/5389902
www.recworks.co.uk,RecWorks Ltd,software,www.linkedin.com/company/2428886
http://www.redsapsolutions.com,RED - The Global SAP Solutions Provider,cloud,www.linkedin.com/company/15014
www.FF0000.com,RED Interactive Agency,data,www.linkedin.com/company/106917
www.redribbon.co,Red Ribbon Asset Management Plc,investment,www.linkedin.com/company/1095185
www.redventures.com,Red Ventures,data technology,www.linkedin.com/company/21889
www.redcloudtechnology.com,RedCloud Technologies,cloud technology,www.linkedin.com/company/298279
www.redtenergy.com,redT energy plc,technology,www.linkedin.com/company/2710948
www.reformis.com,Reformis,investment,www.linkedin.com/company/85085
http://www.regency-mines.com/,Regency Mines Plc,investment,www.linkedin.com/company/2116607
http://www.reliablenetworks.com,"Reliable Networks, a Division of OTT Communications",cloud technology,www.linkedin.com/company/678294
www.r-e-a.net,Renewable Energy Association,technology,www.linkedin.com/company/685254
http://www.researchnow.com/,Research Now SSI,data technology,www.linkedin.com/company/165712
http://www.researchnow.com/,Research Now SSI,data technology,www.linkedin.com/company/165712
http://www.researchnow.com/,Research Now SSI,data technology,www.linkedin.com/company/165712
http://www.resolvetech.com,Resolve Tech Solutions,cloud data,www.linkedin.com/company/1230090
www.lwarb.gov.uk,The London Waste and Recycling Board (LWARB),investment,www.linkedin.com/company/448917
www.viasolutionsgroup.com,VIA Solutions Group,cloud data technology,www.linkedin.com/company/11692962
https://rmi.co,Retail Marketing International,software,www.linkedin.com/company/3028443
www.rasinifairway.com,Rasini Fairway Capital,investment,www.linkedin.com/company/2440831
www.richmondgatehouse.com,Richmond Gatehouse LLP,cloud,www.linkedin.com/company/2802900
http://www.ridgeford.com/,Ridgeford,investment,www.linkedin.com/company/9999020
www.riskcontrollimited.com,Risk Control Limited,software,www.linkedin.com/company/483625
http://www.managementsolutions.com/,Management Solutions,data,www.linkedin.com/company/11888
www.riskiq.com,RiskIQ,software,www.linkedin.com/company/876290
www.riteq.com.au,RITEQ Pty Ltd,software,www.linkedin.com/company/429085
www.riverlandingmiami.com,River Landing Shops and Residences,investment,www.linkedin.com/company/1926513
www.riversafe.co.uk,RiverSafe Limited,cloud data,www.linkedin.com/company/968237
http://www.riyadbank.com/,Riyad Bank,investment,www.linkedin.com/company/16046
www.saiglobal.com,SAI Global,software,www.linkedin.com/company/9154
www.atginfo.com,Advanced Technology Group (atg),cloud software,www.linkedin.com/company/1506912
http://www.odaseva.com,Odaseva,data,www.linkedin.com/company/3113168
www.samknows.com,SamKnows,data,www.linkedin.com/company/375307
http://samsungprintingsolutions.com/,Samsung Printing Solutions,cloud,www.linkedin.com/company/3782755
http://www.samuelestates.com/,Samuel Estates,investment,www.linkedin.com/company/10365013
www.sapiapartners.com,Sapia Partners LLP,investment,www.linkedin.com/company/2470212
www.sarasinandpartners.com,Sarasin & Partners LLP,investment,www.linkedin.com/company/619238
http://www.sardverb.com,Sard Verbinnen & Co,data,www.linkedin.com/company/70476
www.satorestudio.com,SATORE STUDIO,technology,www.linkedin.com/company/11182874
http://scicasts.com,Scicasts,technology,www.linkedin.com/company/2542074
http://www.cubenetworks.com.au,Cube Networks,cloud data,www.linkedin.com/company/3076075
http://www.sdggroup.com,SDG Group,data,www.linkedin.com/company/21693
https://www.madleyproperty.com,Madley Property Services Limited,investment,www.linkedin.com/company/18507632
http://www.oceanmarineservices.co.uk/,Ocean Marine Services Ltd,data,www.linkedin.com/company/9250947
https://www.securedretail.com/,Secured Retail Networks,cloud,www.linkedin.com/company/2661463
www.seismicmicro.com,Seismic Micro-Technology (SMT),software,www.linkedin.com/company/129514
www.sequel.com,Sequel Business Solutions Ltd,data software,www.linkedin.com/company/570123
http://www.kleinworthambros.com,Kleinwort Hambros,investment,www.linkedin.com/company/12249
www.sgda.com,SGDA,data,www.linkedin.com/company/5118257
http://www.sigchina.com/,Shanghai International Group (SIG),investment,www.linkedin.com/company/2758423
www.investsh.org.cn,Shanghai Foreign Investment Development Board,investment,www.linkedin.com/company/13318392
http://www.sigchina.com/,Shanghai International Group (SIG),investment,www.linkedin.com/company/2758423
www.shurooq.gov.ae,Sharjah Investment and Development Authority (Shurooq),investment,www.linkedin.com/company/1278943
http://www.shinetechsolution.com,Shinetech Europe Ltd.,cloud software,www.linkedin.com/company/15174106
http://www.sifytechnologies.com,Sify Technologies Limited.,cloud,www.linkedin.com/company/5600
www.sigaria.com,Sigaria,data,www.linkedin.com/company/95762
http://www.svb.com,Silicon Valley Bank,technology,www.linkedin.com/company/492307
http://www.simplitium.com,Simplitium,data,www.linkedin.com/company/9312281
http://www.sirsol.com,"Sirius Solutions, LLLP",technology,www.linkedin.com/company/13348
http://www.birlasoft.com,Birlasoft,cloud,www.linkedin.com/company/4661
www.skellyandcouch.com,Skelly & Couch Ltd,technology,www.linkedin.com/company/2556513
www.stevens.edu,Stevens Institute of Technology,technology,www.linkedin.com/company/7832
http://www.skywire.com,SkyWire,software,www.linkedin.com/company/149049
http://bit.ly/SmartAdServer,Smart Ad Monetization Platform,technology,www.linkedin.com/company/202220
www.smithandwilliamson.com,Smith & Williamson,investment,www.linkedin.com/company/18322
http://www.socialfinance.org.uk/,Social Finance,investment,www.linkedin.com/company/1228006
http://www.f11agency.com,F11 Agency,technology cloud,www.linkedin.com/company/2364366
https://www.societegenerale.com,Société Générale,investment,www.linkedin.com/company/1691
www.spe.org,Society of Petroleum Engineers International,technology,www.linkedin.com/company/23356
www.londoncg.com,London Consulting Group,software,www.linkedin.com/company/20696
http://www.sogeti.com,Sogeti,cloud,www.linkedin.com/company/1956
www.somoglobal.com,Somo Global,technology,www.linkedin.com/company/884658
http://www.guerrilla-games.com,Guerrilla Games,technology,www.linkedin.com/company/13261
www.5050globalmuzik.com,50/50 GLOBAL MUZIK INCORPORATED,technology,www.linkedin.com/company/2272410
www.sparkl.com,SPARKL Limited,software technology,www.linkedin.com/company/2485403
http://www.sportingrecords.co.uk,Sporting Records Online Ltd,data,www.linkedin.com/company/18649087
www.spredfast.com,Spredfast,data,www.linkedin.com/company/1200502
www.sproutit.co.uk,Sprout Technologies Ltd (SproutIT) ,data,www.linkedin.com/company/2178175
www.st-ives.co.uk,St Ives plc,data,www.linkedin.com/company/712129
www.stablelogic.com,StableLogic,technology,www.linkedin.com/company/10503227
www.devonenergy.com,Devon Energy,technology data,www.linkedin.com/company/6848
www.stanhopecapital.com,Stanhope Capital,investment,www.linkedin.com/company/128668
http://www.statista.com,Statista,data,www.linkedin.com/company/1042846
http://www.steergroup.com,Steer,technology,www.linkedin.com/company/20840
www.stellarise.com,Stellarise Limited,cloud,www.linkedin.com/company/753729
http://www.sterlitetech.com,Sterlite Technologies Limited,software data,www.linkedin.com/company/77850
http://www.stifel.com/social,Stifel Financial Corp.,investment,www.linkedin.com/company/10194
www.stonehagefleming.com,Stonehage Fleming,investment,www.linkedin.com/company/123111
www.stottandmay.com,Stott and May,software cloud,www.linkedin.com/company/589574
www.prudential.co.uk,Prudential Global Services Private Limited,technology,www.linkedin.com/company/11219493
www.strongabogados.com,STRONG ABOGADOS,investment,www.linkedin.com/company/245111
www.bennettconstruction.com,Bennett (Construction) Ltd,data,www.linkedin.com/company/1804641
